Filename,True_Label,Fold1_Pred,Fold2_Pred,Fold3_Pred,Fold4_Pred,Fold5_Pred,Fold6_Pred,Fold7_Pred,Fold8_Pred,Fold9_Pred,Fold10_Pred,Fold11_Pred,Fold12_Pred,Fold13_Pred,Fold14_Pred,Fold15_Pred,Fold16_Pred,Fold17_Pred,Fold18_Pred,Fold19_Pred,Fold20_Pred,Fold21_Pred,Fold22_Pred,Fold23_Pred,Fold24_Pred,Fold25_Pred,Fold26_Pred,Fold27_Pred,Fold28_Pred,Fold29_Pred,Fold30_Pred,Fold31_Pred,Fold32_Pred,Fold33_Pred,Fold34_Pred,Fold35_Pred,Fold36_Pred,Fold37_Pred
AF483470.1.pbm,,severe,mild,mild,mild,mild,mild,mild,mild,mild,mild,mild,mild,mild,mild,mild,mild,mild,mild,mild,mild,mild,severe,mild,mild,mild,mild,mild,mild,mild,mild,mild,mild,mild,mild,mild,mild,mild
EF192393.1.pbm,,mild,mild,mild,mild,mild,mild,mild,mild,mild,mild,mild,mild,mild,mild,mild,mild,mild,mild,mild,mild,mild,severe,mild,mild,mild,mild,mild,mild,mild,mild,mild,mild,mild,mild,mild,mild,mild
EF192394.1.pbm,moderate,mild,mild,moderate,mild,mild,mild,mild,mild,mild,mild,mild,mild,mild,mild,mild,mild,mild,mild,mild,mild,mild,severe,mild,mild,mild,mild,mild,mild,mild,mild,mild,mild,mild,mild,mild,mild,mild
EF580923.1.pbm,,mild,mild,mild,mild,mild,mild,mild,mild,mild,mild,mild,mild,mild,mild,mild,mild,mild,mild,mild,mild,mild,severe,mild,mild,mild,mild,mild,mild,mild,mild,mild,mild,mild,mild,mild,mild,mild
EU879915.1.pbm,,mild,mild,mild,mild,mild,mild,mild,mild,mild,mild,mild,mild,mild,mild,mild,mild,mild,mild,mild,mild,mild,severe,mild,mild,mild,mild,mild,mild,mild,mild,mild,mild,mild,mild,mild,mild,mild
EU879916.1.pbm,,mild,mild,mild,mild,mild,mild,mild,mild,mild,mild,mild,mild,mild,mild,mild,mild,mild,mild,mild,mild,mild,severe,mild,mild,mild,mild,mild,mild,mild,mild,mild,mild,mild,mild,mild,mild,mild
JQ806338.1.pbm,,mild,mild,mild,mild,mild,mild,severe,mild,mild,mild,mild,mild,mild,mild,mild,mild,mild,mild,mild,mild,mild,severe,mild,mild,mild,mild,mild,mild,mild,mild,mild,mild,mild,mild,mild,mild,mild
KF418767.1.pbm,,mild,mild,mild,mild,mild,mild,mild,mild,mild,mild,mild,mild,mild,mild,mild,mild,mild,mild,mild,mild,mild,mild,mild,mild,mild,mild,mild,mild,mild,mild,mild,mild,mild,mild,mild,mild,mild
KR611355.1.pbm,,mild,mild,mild,mild,mild,mild,mild,mild,severe,mild,mild,mild,mild,mild,mild,mild,mild,mild,mild,severe,mild,severe,mild,mild,mild,mild,mild,mild,mild,mild,mild,mild,mild,mild,mild,mild,mild
KT987925.1.pbm,,mild,mild,mild,mild,mild,mild,mild,mild,mild,mild,mild,mild,mild,mild,mild,mild,mild,mild,mild,mild,mild,severe,mild,mild,mild,mild,mild,mild,mild,mild,mild,mild,mild,mild,mild,mild,mild
LC388852.1.pbm,,mild,mild,mild,mild,mild,mild,mild,mild,mild,mild,mild,mild,mild,mild,mild,mild,mild,mild,mild,mild,mild,severe,mild,mild,mild,mild,mild,mild,mild,mild,mild,mild,mild,mild,mild,mild,mild
LC388854.1.pbm,,mild,mild,mild,mild,mild,mild,mild,mild,mild,mild,mild,mild,mild,mild,mild,mild,mild,mild,mild,mild,mild,severe,mild,mild,mild,mild,mild,mild,mild,mild,mild,mild,mild,mild,mild,mild,mild
M25199.1.pbm,,mild,mild,mild,mild,mild,mild,mild,mild,mild,mild,mild,mild,mild,mild,mild,mild,mild,mild,mild,mild,mild,mild,mild,mild,mild,mild,mild,mild,mild,mild,mild,mild,mild,mild,mild,mild,mild
MG450357.1.pbm,,mild,mild,mild,mild,mild,mild,mild,mild,mild,mild,mild,mild,mild,mild,mild,mild,mild,mild,mild,mild,mild,severe,mild,mild,mild,mild,mild,mild,mild,mild,mild,mild,mild,mild,mild,mild,mild
Y09575.1.pbm,,mild,mild,mild,mild,mild,mild,mild,mild,mild,mild,mild,mild,mild,mild,mild,mild,mild,mild,mild,mild,mild,severe,mild,mild,mild,mild,mild,mild,mild,mild,mild,mild,mild,mild,mild,mild,mild
AF454395.1.pbm,,moderate,moderate,moderate,moderate,moderate,moderate,moderate,moderate,moderate,moderate,moderate,moderate,moderate,moderate,moderate,severe,moderate,moderate,moderate,severe,severe,severe,moderate,moderate,moderate,moderate,moderate,moderate,mild,moderate,moderate,moderate,moderate,moderate,severe,moderate,mild
KF683200.1.pbm,,moderate,moderate,moderate,moderate,moderate,moderate,moderate,moderate,moderate,moderate,moderate,moderate,moderate,moderate,moderate,moderate,severe,moderate,moderate,moderate,severe,moderate,moderate,moderate,moderate,moderate,moderate,moderate,moderate,moderate,moderate,moderate,moderate,moderate,moderate,moderate,mild
KJ857496.1.pbm,,moderate,moderate,moderate,moderate,moderate,moderate,moderate,moderate,moderate,moderate,moderate,moderate,moderate,moderate,moderate,moderate,moderate,mild,moderate,moderate,moderate,moderate,moderate,moderate,moderate,moderate,moderate,moderate,moderate,moderate,moderate,moderate,moderate,moderate,moderate,moderate,moderate
KR611360.1.pbm,,moderate,moderate,moderate,moderate,moderate,moderate,moderate,moderate,moderate,mild,moderate,moderate,moderate,moderate,moderate,moderate,moderate,moderate,mild,moderate,severe,severe,moderate,moderate,moderate,moderate,moderate,moderate,mild,moderate,moderate,moderate,moderate,moderate,moderate,moderate,mild
M88678.1.pbm,,moderate,moderate,moderate,moderate,moderate,moderate,moderate,moderate,moderate,moderate,moderate,moderate,moderate,moderate,moderate,moderate,moderate,moderate,moderate,mild,moderate,moderate,moderate,moderate,moderate,moderate,moderate,moderate,moderate,moderate,moderate,moderate,moderate,moderate,moderate,moderate,mild
X17268.1.pbm,,moderate,moderate,moderate,moderate,moderate,moderate,moderate,moderate,moderate,moderate,moderate,moderate,moderate,moderate,moderate,moderate,moderate,moderate,moderate,moderate,severe,moderate,moderate,moderate,moderate,moderate,moderate,moderate,moderate,moderate,moderate,moderate,moderate,moderate,moderate,moderate,moderate
GQ853461.1.pbm,,moderate,moderate,moderate,moderate,moderate,moderate,moderate,moderate,moderate,moderate,moderate,moderate,moderate,moderate,moderate,moderate,moderate,moderate,moderate,moderate,severe,severe,moderate,moderate,moderate,moderate,moderate,moderate,moderate,moderate,moderate,moderate,moderate,moderate,moderate,moderate,moderate
EU879913.1.pbm,,moderate,moderate,moderate,moderate,moderate,moderate,moderate,moderate,moderate,moderate,moderate,moderate,moderate,moderate,moderate,moderate,moderate,moderate,moderate,severe,severe,severe,severe,moderate,moderate,moderate,moderate,moderate,mild,moderate,moderate,moderate,moderate,moderate,moderate,moderate,mild
AJ634596.1.pbm,,severe,severe,severe,severe,severe,severe,severe,severe,severe,severe,severe,severe,severe,severe,severe,severe,severe,severe,severe,severe,severe,severe,severe,severe,severe,severe,severe,severe,severe,severe,severe,severe,severe,severe,severe,severe,severe
AY518939.1.pbm,,severe,severe,severe,severe,severe,severe,severe,severe,severe,severe,severe,severe,severe,severe,severe,severe,severe,severe,severe,severe,severe,severe,severe,severe,severe,severe,severe,severe,severe,severe,severe,severe,severe,severe,severe,severe,severe
AY532801.1.pbm,mild,severe,severe,severe,severe,severe,severe,severe,severe,severe,severe,severe,severe,severe,severe,severe,severe,severe,severe,severe,severe,severe,severe,severe,severe,severe,moderate,severe,severe,severe,severe,severe,severe,severe,severe,severe,severe,severe
DD220185.1.pbm,,severe,severe,severe,severe,severe,severe,severe,severe,severe,severe,severe,severe,severe,severe,severe,severe,severe,severe,severe,severe,severe,severe,severe,severe,severe,severe,moderate,severe,severe,severe,severe,severe,severe,severe,severe,severe,severe
FR851463.1.pbm,,severe,severe,severe,severe,severe,severe,severe,severe,severe,severe,severe,severe,severe,severe,severe,severe,severe,severe,severe,severe,severe,severe,severe,severe,severe,severe,severe,mild,severe,severe,severe,severe,severe,severe,severe,severe,severe
JX280944.1.pbm,,severe,severe,severe,severe,severe,severe,severe,severe,severe,severe,severe,severe,severe,severe,severe,severe,severe,severe,severe,severe,severe,severe,severe,severe,severe,severe,severe,severe,moderate,severe,severe,severe,severe,severe,severe,severe,severe
U23060.1.pbm,,severe,severe,severe,severe,severe,severe,severe,severe,severe,severe,severe,severe,severe,severe,severe,severe,severe,severe,severe,severe,severe,severe,severe,severe,severe,severe,severe,severe,severe,severe,severe,severe,severe,severe,severe,severe,severe
X58388.1.pbm,,severe,severe,severe,severe,severe,severe,severe,severe,severe,severe,severe,severe,severe,severe,severe,severe,severe,severe,severe,severe,severe,severe,severe,severe,severe,severe,severe,severe,severe,severe,severe,severe,severe,severe,severe,severe,severe
X76846.1.pbm,severe,severe,severe,severe,severe,severe,severe,severe,severe,severe,severe,severe,severe,severe,severe,severe,severe,severe,severe,severe,severe,severe,severe,severe,severe,severe,severe,severe,severe,severe,severe,severe,moderate,severe,severe,severe,severe,severe
X97387.1.pbm,,severe,severe,severe,severe,severe,severe,severe,severe,severe,severe,severe,severe,severe,severe,severe,severe,severe,severe,severe,severe,severe,severe,severe,severe,severe,severe,severe,severe,severe,severe,severe,severe,severe,severe,severe,severe,severe
Y09383.1.pbm,,severe,severe,severe,severe,severe,severe,severe,severe,severe,severe,severe,severe,severe,severe,severe,severe,severe,severe,severe,severe,severe,severe,severe,severe,severe,severe,severe,severe,severe,severe,severe,severe,severe,severe,severe,severe,severe
LC523672.1.pbm,,severe,severe,severe,severe,severe,severe,severe,moderate,severe,moderate,severe,severe,severe,moderate,severe,severe,severe,severe,severe,severe,severe,severe,severe,severe,severe,severe,severe,moderate,mild,severe,severe,severe,severe,severe,moderate,severe,severe
LC523675.1.pbm,,severe,severe,severe,severe,severe,severe,severe,severe,severe,severe,severe,severe,severe,severe,severe,severe,severe,severe,severe,severe,severe,severe,severe,severe,severe,severe,severe,severe,severe,severe,severe,severe,severe,severe,severe,severe,severe
LC523676.1.pbm,,severe,severe,severe,severe,severe,severe,severe,severe,severe,severe,severe,severe,severe,severe,severe,severe,severe,severe,severe,severe,severe,severe,severe,severe,severe,severe,severe,severe,severe,severe,severe,severe,severe,severe,severe,severe,mild
AB623143.1.pbm,,mild,mild,mild,mild,mild,mild,mild,mild,mild,mild,mild,mild,mild,mild,mild,mild,mild,mild,mild,mild,mild,severe,mild,mild,mild,mild,mild,mild,mild,mild,mild,mild,mild,mild,mild,mild,mild
AF369530.1.pbm,,severe,severe,severe,severe,severe,severe,severe,severe,severe,severe,severe,severe,severe,severe,severe,severe,severe,severe,severe,severe,severe,severe,severe,severe,severe,moderate,severe,severe,severe,severe,severe,severe,severe,severe,severe,severe,severe
AF458986.1.pbm,,severe,severe,severe,severe,severe,severe,severe,severe,severe,severe,severe,severe,severe,severe,severe,severe,severe,severe,severe,severe,severe,severe,severe,severe,severe,severe,severe,severe,severe,severe,severe,severe,severe,severe,severe,severe,severe
AF458987.1.pbm,,severe,severe,severe,severe,severe,severe,severe,severe,severe,severe,severe,severe,severe,severe,severe,severe,severe,severe,severe,severe,severe,severe,severe,severe,severe,severe,severe,severe,severe,severe,severe,severe,severe,severe,severe,severe,severe
AF458988.1.pbm,,severe,severe,severe,severe,severe,severe,severe,severe,severe,severe,severe,severe,severe,severe,severe,severe,severe,severe,severe,severe,severe,severe,severe,severe,severe,severe,severe,severe,severe,severe,severe,severe,severe,severe,severe,severe,severe
AF458989.1.pbm,,severe,severe,severe,severe,severe,severe,severe,severe,severe,severe,severe,severe,severe,severe,severe,severe,severe,severe,severe,severe,severe,severe,severe,severe,severe,severe,severe,severe,severe,severe,severe,severe,severe,severe,severe,severe,severe
AF458990.1.pbm,,severe,severe,severe,severe,severe,severe,severe,severe,severe,severe,severe,severe,severe,severe,severe,severe,severe,severe,severe,severe,severe,severe,severe,severe,severe,severe,severe,severe,severe,severe,severe,severe,severe,severe,severe,severe,severe
AF458991.1.pbm,,severe,severe,severe,severe,severe,severe,severe,severe,severe,severe,severe,severe,severe,severe,severe,severe,severe,severe,severe,severe,severe,severe,severe,severe,severe,severe,severe,severe,severe,severe,severe,severe,severe,severe,severe,severe,severe
AF458992.1.pbm,,severe,severe,severe,severe,severe,severe,severe,severe,severe,severe,severe,severe,severe,severe,severe,severe,severe,severe,severe,severe,severe,severe,severe,severe,severe,severe,severe,severe,severe,severe,severe,severe,severe,severe,severe,severe,severe
AF458993.1.pbm,,severe,severe,severe,severe,severe,severe,severe,severe,severe,severe,severe,severe,severe,severe,severe,severe,severe,severe,severe,severe,severe,severe,severe,severe,severe,severe,severe,severe,severe,severe,severe,severe,severe,severe,severe,severe,severe
AF458994.1.pbm,,severe,severe,severe,severe,severe,severe,severe,severe,severe,severe,severe,severe,severe,severe,severe,severe,severe,severe,severe,severe,severe,severe,moderate,severe,severe,severe,severe,severe,severe,severe,severe,severe,severe,severe,severe,severe,severe
AF458995.1.pbm,,severe,severe,severe,severe,severe,severe,severe,severe,severe,severe,severe,severe,severe,severe,severe,severe,severe,severe,severe,severe,severe,severe,severe,severe,severe,severe,severe,severe,severe,severe,severe,severe,severe,severe,severe,severe,severe
AF458996.1.pbm,,moderate,mild,moderate,mild,mild,moderate,moderate,severe,mild,mild,moderate,moderate,mild,moderate,moderate,moderate,moderate,mild,severe,severe,mild,moderate,moderate,moderate,mild,moderate,mild,mild,mild,moderate,moderate,mild,moderate,severe,moderate,moderate,mild
AF458997.1.pbm,severe,mild,mild,severe,severe,moderate,mild,moderate,mild,mild,mild,severe,moderate,mild,mild,severe,moderate,mild,mild,mild,severe,mild,severe,mild,severe,mild,moderate,severe,mild,mild,moderate,mild,severe,mild,severe,severe,severe,mild
AF458998.1.pbm,,severe,severe,severe,severe,severe,severe,severe,severe,severe,moderate,severe,severe,severe,severe,severe,moderate,severe,severe,moderate,moderate,severe,severe,severe,severe,severe,moderate,severe,moderate,moderate,moderate,moderate,moderate,moderate,severe,moderate,severe,severe
AF458999.1.pbm,severe,severe,severe,severe,severe,severe,severe,severe,severe,severe,moderate,severe,severe,severe,severe,severe,moderate,severe,severe,moderate,moderate,severe,moderate,moderate,severe,severe,moderate,severe,moderate,moderate,moderate,moderate,severe,severe,severe,moderate,severe,severe
AF459000.1.pbm,,severe,severe,severe,severe,severe,severe,severe,severe,severe,severe,severe,severe,severe,severe,severe,moderate,severe,severe,severe,severe,severe,severe,severe,severe,severe,severe,severe,severe,severe,severe,severe,severe,severe,severe,severe,severe,severe
AF459001.1.pbm,,severe,severe,severe,severe,severe,severe,severe,severe,severe,severe,severe,severe,severe,severe,severe,moderate,severe,severe,severe,severe,severe,severe,severe,severe,severe,severe,severe,moderate,severe,severe,severe,severe,severe,severe,severe,severe,severe
AF459002.1.pbm,,severe,severe,severe,severe,severe,severe,severe,severe,severe,severe,severe,severe,severe,severe,severe,moderate,severe,severe,severe,moderate,severe,moderate,moderate,severe,severe,severe,severe,moderate,moderate,severe,severe,severe,severe,severe,severe,severe,severe
AF459003.1.pbm,,severe,severe,severe,severe,severe,severe,severe,severe,severe,severe,severe,severe,severe,severe,severe,severe,severe,severe,severe,severe,severe,severe,severe,severe,severe,severe,severe,severe,severe,severe,severe,severe,severe,severe,severe,severe,severe
AF459004.1.pbm,,severe,severe,severe,severe,severe,severe,severe,severe,severe,severe,severe,severe,severe,severe,severe,severe,severe,severe,severe,severe,severe,severe,severe,severe,severe,severe,severe,severe,severe,severe,severe,severe,severe,severe,severe,severe,severe
AF459005.1.pbm,,severe,severe,severe,severe,severe,severe,severe,severe,severe,severe,severe,severe,severe,severe,severe,severe,severe,severe,severe,severe,severe,severe,severe,severe,severe,severe,severe,severe,severe,severe,severe,severe,severe,severe,severe,severe,severe
AF459006.1.pbm,,severe,severe,severe,severe,severe,severe,severe,severe,severe,severe,severe,severe,severe,severe,severe,severe,severe,severe,severe,severe,severe,severe,severe,severe,severe,severe,severe,severe,severe,severe,severe,severe,severe,severe,severe,severe,severe
AF459007.1.pbm,,severe,severe,severe,severe,severe,severe,severe,severe,severe,severe,severe,severe,severe,severe,severe,severe,severe,severe,severe,severe,severe,severe,severe,severe,severe,severe,severe,severe,severe,severe,severe,severe,severe,severe,severe,severe,severe
AF483471.1.pbm,,severe,mild,mild,mild,mild,mild,mild,mild,mild,mild,mild,mild,mild,mild,mild,mild,severe,mild,mild,mild,mild,severe,mild,mild,mild,mild,mild,mild,mild,mild,mild,mild,mild,mild,mild,mild,mild
AF483472.1.pbm,,moderate,mild,mild,mild,severe,mild,moderate,mild,mild,mild,severe,mild,mild,mild,mild,mild,mild,moderate,mild,mild,mild,severe,mild,mild,mild,mild,mild,mild,mild,moderate,moderate,moderate,mild,mild,mild,mild,mild
AF483473.1.pbm,,mild,mild,mild,mild,mild,mild,mild,mild,mild,mild,mild,mild,mild,mild,mild,mild,mild,mild,mild,mild,mild,severe,mild,mild,mild,mild,mild,mild,mild,moderate,mild,mild,mild,mild,mild,mild,mild
AJ515261.1.pbm,,mild,mild,severe,mild,mild,severe,mild,severe,mild,mild,severe,severe,mild,mild,mild,mild,mild,mild,mild,mild,mild,severe,mild,mild,mild,mild,mild,mild,mild,moderate,mild,severe,mild,mild,mild,mild,mild
AJ583449.1.pbm,,severe,severe,severe,severe,severe,severe,severe,severe,severe,severe,severe,severe,severe,severe,severe,severe,severe,severe,severe,severe,severe,severe,severe,severe,severe,severe,severe,severe,severe,severe,severe,severe,severe,severe,severe,severe,severe
AY152840.1.pbm,,severe,severe,severe,severe,severe,severe,severe,severe,severe,severe,severe,severe,severe,severe,severe,severe,severe,severe,severe,severe,severe,severe,severe,severe,severe,severe,severe,severe,severe,severe,severe,severe,severe,severe,severe,severe,severe
AY152841.1.pbm,,severe,severe,severe,severe,severe,severe,severe,severe,severe,severe,severe,severe,severe,severe,severe,severe,severe,severe,severe,severe,severe,severe,severe,severe,severe,severe,severe,severe,severe,severe,severe,severe,severe,severe,severe,severe,severe
AY360446.1.pbm,,moderate,moderate,moderate,moderate,moderate,moderate,moderate,moderate,moderate,moderate,moderate,moderate,moderate,moderate,moderate,moderate,moderate,moderate,moderate,mild,moderate,moderate,moderate,moderate,moderate,moderate,moderate,moderate,moderate,moderate,moderate,moderate,moderate,moderate,moderate,moderate,mild
AY372394.1.pbm,severe,severe,severe,severe,severe,severe,severe,severe,severe,severe,severe,severe,severe,moderate,moderate,severe,moderate,severe,severe,moderate,moderate,severe,severe,severe,severe,moderate,severe,severe,moderate,moderate,moderate,moderate,severe,moderate,severe,severe,severe,severe
AY372397.1.pbm,,severe,moderate,moderate,severe,moderate,severe,severe,severe,severe,moderate,severe,moderate,severe,moderate,severe,moderate,severe,severe,moderate,moderate,severe,moderate,severe,severe,moderate,moderate,moderate,moderate,moderate,moderate,moderate,moderate,moderate,severe,moderate,severe,severe
AY372398.1.pbm,,severe,severe,moderate,severe,moderate,severe,severe,severe,severe,mild,severe,severe,severe,severe,severe,severe,severe,severe,severe,severe,severe,severe,moderate,severe,mild,severe,severe,severe,severe,severe,severe,severe,severe,severe,severe,severe,mild
AY372400.1.pbm,,mild,mild,mild,mild,mild,mild,mild,mild,mild,mild,mild,mild,mild,mild,mild,mild,mild,mild,mild,mild,mild,severe,mild,mild,mild,mild,mild,mild,mild,moderate,mild,mild,mild,mild,mild,mild,mild
AY492075.1.pbm,,severe,severe,moderate,severe,moderate,severe,severe,severe,severe,moderate,severe,severe,severe,moderate,moderate,severe,moderate,moderate,severe,severe,severe,severe,severe,moderate,severe,severe,severe,severe,mild,moderate,severe,severe,severe,moderate,moderate,moderate,severe
AY492076.1.pbm,,mild,mild,severe,severe,severe,severe,severe,mild,severe,mild,severe,severe,severe,mild,severe,severe,severe,severe,severe,severe,mild,severe,severe,severe,severe,severe,severe,severe,severe,severe,severe,severe,severe,severe,severe,mild,severe
AY492077.1.pbm,,moderate,moderate,moderate,severe,moderate,moderate,moderate,moderate,moderate,moderate,moderate,moderate,severe,moderate,moderate,severe,moderate,moderate,moderate,severe,severe,severe,mild,moderate,moderate,moderate,moderate,moderate,mild,moderate,moderate,moderate,moderate,moderate,moderate,moderate,mild
AY492078.1.pbm,,moderate,mild,moderate,mild,mild,mild,moderate,mild,mild,mild,severe,severe,mild,mild,moderate,mild,mild,mild,mild,severe,mild,severe,mild,mild,mild,mild,mild,mild,mild,moderate,mild,mild,mild,mild,severe,mild,mild
AY492079.1.pbm,,mild,mild,mild,mild,mild,mild,mild,mild,mild,mild,mild,mild,mild,mild,mild,mild,mild,mild,mild,mild,mild,severe,mild,mild,mild,mild,mild,mild,mild,mild,mild,mild,mild,mild,mild,mild,mild
AY492080.1.pbm,,severe,severe,moderate,severe,severe,severe,severe,severe,severe,severe,severe,severe,severe,moderate,severe,severe,severe,moderate,severe,severe,severe,severe,moderate,severe,severe,severe,severe,severe,severe,moderate,severe,moderate,severe,severe,severe,severe,mild
AY492081.1.pbm,,moderate,mild,moderate,severe,severe,severe,severe,severe,severe,severe,severe,moderate,severe,severe,moderate,severe,moderate,moderate,severe,severe,mild,severe,moderate,severe,moderate,severe,severe,severe,mild,moderate,severe,severe,moderate,severe,severe,severe,mild
AY492083.2.pbm,,mild,mild,severe,severe,mild,severe,mild,mild,severe,mild,severe,severe,mild,severe,severe,mild,severe,mild,severe,severe,mild,severe,mild,severe,mild,severe,mild,mild,mild,severe,severe,severe,severe,mild,severe,mild,mild
AY492084.1.pbm,mild,moderate,moderate,moderate,severe,severe,severe,moderate,severe,severe,severe,moderate,moderate,severe,severe,moderate,severe,severe,moderate,severe,severe,mild,severe,moderate,severe,moderate,moderate,moderate,severe,mild,moderate,moderate,moderate,moderate,severe,severe,severe,mild
AY493559.1.pbm,mild,severe,severe,moderate,severe,severe,severe,severe,severe,severe,moderate,severe,severe,severe,moderate,moderate,severe,severe,moderate,severe,severe,severe,severe,severe,severe,severe,severe,moderate,severe,mild,moderate,severe,severe,severe,severe,severe,moderate,severe
AY493560.1.pbm,,moderate,mild,moderate,severe,mild,mild,moderate,mild,mild,mild,severe,severe,mild,mild,moderate,mild,severe,mild,mild,mild,mild,severe,mild,mild,mild,mild,mild,mild,mild,moderate,mild,moderate,mild,mild,mild,mild,mild
AY518940.1.pbm,,severe,severe,severe,severe,severe,severe,severe,severe,severe,severe,severe,severe,severe,severe,severe,severe,severe,severe,severe,severe,severe,severe,severe,severe,severe,severe,severe,severe,severe,severe,severe,severe,severe,severe,severe,severe,severe
AY673974.1.pbm,,severe,severe,severe,severe,severe,severe,severe,severe,severe,severe,severe,severe,severe,severe,severe,severe,severe,severe,severe,severe,severe,severe,severe,severe,severe,severe,severe,severe,severe,severe,severe,severe,severe,severe,severe,severe,severe
AY937180.1.pbm,,moderate,severe,moderate,severe,severe,severe,severe,severe,severe,mild,severe,severe,severe,severe,moderate,moderate,moderate,moderate,severe,severe,severe,severe,severe,severe,severe,severe,severe,severe,mild,moderate,severe,severe,severe,severe,severe,moderate,severe
AY937181.1.pbm,mild,mild,mild,moderate,mild,mild,mild,mild,mild,mild,mild,severe,mild,mild,mild,mild,mild,mild,mild,mild,mild,mild,severe,mild,mild,mild,mild,mild,mild,mild,mild,mild,mild,mild,mild,mild,mild,mild
AY937182.1.pbm,,mild,mild,severe,mild,mild,mild,mild,mild,mild,mild,severe,mild,mild,mild,mild,mild,mild,mild,mild,mild,mild,severe,mild,mild,mild,mild,mild,mild,mild,mild,mild,mild,mild,mild,mild,mild,mild
AY937183.1.pbm,,mild,mild,moderate,mild,mild,mild,mild,mild,mild,mild,mild,mild,mild,mild,mild,mild,mild,mild,mild,mild,mild,severe,mild,mild,mild,mild,mild,mild,mild,mild,mild,mild,mild,mild,mild,mild,mild
AY937184.1.pbm,moderate,mild,mild,moderate,severe,mild,severe,severe,mild,mild,mild,severe,mild,severe,mild,mild,mild,mild,mild,mild,severe,mild,severe,mild,mild,severe,mild,mild,mild,mild,mild,mild,mild,mild,mild,mild,mild,mild
AY937185.1.pbm,,severe,severe,severe,severe,severe,severe,severe,severe,severe,severe,severe,severe,severe,severe,severe,severe,severe,severe,severe,severe,mild,severe,severe,severe,severe,severe,severe,severe,severe,severe,severe,severe,severe,severe,severe,severe,severe
AY937186.1.pbm,mild,mild,mild,moderate,mild,mild,mild,mild,mild,mild,mild,mild,mild,mild,mild,mild,mild,mild,mild,mild,mild,mild,severe,mild,mild,mild,mild,mild,mild,mild,mild,mild,mild,mild,mild,mild,mild,mild
AY937187.1.pbm,mild,mild,mild,moderate,mild,mild,mild,mild,mild,mild,mild,severe,mild,mild,mild,mild,mild,mild,mild,mild,mild,mild,severe,mild,mild,mild,mild,mild,mild,mild,mild,mild,mild,mild,mild,mild,mild,mild
AY937188.1.pbm,,mild,mild,mild,mild,mild,mild,mild,mild,mild,mild,mild,mild,mild,mild,mild,mild,mild,mild,mild,mild,mild,severe,mild,mild,mild,mild,mild,mild,mild,mild,mild,mild,mild,mild,mild,mild,mild
AY937189.1.pbm,,mild,mild,mild,mild,mild,mild,mild,severe,mild,mild,severe,mild,mild,mild,mild,mild,mild,mild,mild,mild,mild,severe,mild,mild,severe,mild,mild,mild,mild,moderate,mild,severe,mild,mild,mild,mild,mild
AY937190.1.pbm,,mild,mild,severe,severe,severe,mild,mild,mild,mild,mild,severe,severe,mild,mild,mild,severe,mild,mild,mild,mild,mild,severe,mild,severe,severe,severe,mild,mild,mild,severe,mild,severe,mild,mild,mild,mild,mild
AY937191.1.pbm,,severe,severe,severe,severe,severe,severe,severe,severe,mild,mild,severe,severe,severe,mild,severe,severe,mild,mild,mild,severe,mild,severe,severe,severe,severe,mild,severe,mild,mild,severe,mild,severe,severe,severe,mild,severe,mild
AY937192.1.pbm,,mild,mild,severe,severe,severe,mild,mild,mild,mild,mild,severe,severe,mild,mild,mild,severe,mild,mild,mild,mild,mild,severe,mild,severe,severe,severe,mild,mild,mild,severe,mild,severe,mild,mild,mild,mild,mild
AY937193.1.pbm,,mild,mild,mild,mild,mild,mild,mild,mild,mild,mild,severe,mild,mild,mild,mild,mild,mild,mild,mild,mild,mild,severe,mild,mild,mild,mild,mild,mild,mild,mild,mild,mild,mild,mild,mild,mild,mild
AY937194.1.pbm,,severe,severe,severe,severe,severe,severe,severe,severe,severe,severe,severe,severe,severe,severe,severe,severe,severe,severe,severe,severe,severe,severe,severe,severe,severe,severe,severe,severe,severe,severe,severe,severe,severe,severe,severe,severe,severe
DQ308555.1.pbm,,severe,severe,moderate,severe,moderate,moderate,moderate,moderate,moderate,mild,moderate,severe,moderate,moderate,moderate,moderate,severe,moderate,moderate,moderate,severe,moderate,moderate,moderate,moderate,moderate,moderate,moderate,moderate,moderate,moderate,moderate,moderate,severe,moderate,severe,severe
DQ308556.1.pbm,,severe,mild,severe,mild,mild,severe,severe,severe,severe,moderate,severe,moderate,moderate,mild,severe,moderate,severe,severe,moderate,moderate,mild,severe,moderate,severe,mild,moderate,severe,moderate,severe,severe,moderate,moderate,moderate,severe,moderate,moderate,mild
DQ308557.1.pbm,,mild,mild,mild,severe,severe,severe,severe,severe,severe,mild,severe,severe,severe,mild,mild,severe,severe,severe,severe,severe,mild,severe,mild,mild,severe,mild,mild,mild,severe,severe,severe,severe,severe,severe,severe,severe,mild
DQ308558.1.pbm,,severe,severe,severe,severe,severe,severe,severe,severe,severe,severe,severe,severe,severe,severe,severe,severe,severe,severe,severe,severe,severe,severe,severe,severe,severe,severe,severe,severe,severe,severe,severe,severe,severe,severe,severe,severe,severe
DQ308560.1.pbm,,moderate,moderate,moderate,severe,moderate,moderate,moderate,severe,moderate,mild,moderate,moderate,severe,moderate,moderate,moderate,moderate,moderate,severe,severe,mild,severe,moderate,severe,moderate,moderate,moderate,moderate,mild,moderate,severe,moderate,moderate,severe,severe,moderate,mild
DQ308561.1.pbm,,mild,mild,mild,mild,mild,mild,moderate,mild,mild,mild,severe,mild,mild,mild,mild,mild,mild,mild,mild,mild,mild,severe,mild,severe,mild,mild,mild,mild,mild,mild,mild,mild,mild,mild,mild,mild,mild
DQ315388.1.pbm,,moderate,moderate,moderate,moderate,moderate,moderate,moderate,moderate,mild,mild,moderate,moderate,moderate,moderate,moderate,severe,moderate,moderate,moderate,severe,severe,severe,mild,moderate,moderate,moderate,moderate,moderate,mild,moderate,moderate,moderate,moderate,moderate,severe,moderate,mild
EF044302.1.pbm,,mild,mild,mild,mild,mild,mild,moderate,mild,mild,mild,severe,mild,mild,mild,mild,mild,mild,mild,mild,mild,mild,severe,mild,severe,mild,mild,mild,mild,mild,mild,mild,mild,mild,mild,mild,mild,mild
EF044303.1.pbm,,mild,mild,mild,mild,mild,mild,mild,mild,mild,mild,mild,mild,mild,mild,mild,mild,mild,mild,mild,mild,mild,severe,mild,mild,mild,mild,mild,mild,mild,mild,mild,mild,mild,mild,mild,mild,mild
EF044304.1.pbm,,mild,mild,mild,mild,mild,mild,moderate,mild,mild,mild,severe,mild,mild,mild,mild,mild,mild,mild,mild,mild,mild,severe,mild,severe,mild,mild,mild,mild,mild,mild,mild,mild,mild,mild,mild,mild,mild
EF044305.1.pbm,,mild,mild,mild,mild,mild,mild,mild,mild,mild,mild,severe,mild,mild,mild,mild,mild,mild,mild,mild,mild,mild,severe,mild,mild,mild,mild,mild,mild,severe,mild,mild,mild,mild,mild,mild,mild,mild
EF459697.1.pbm,,mild,mild,mild,mild,mild,mild,mild,mild,mild,mild,mild,mild,mild,mild,mild,mild,mild,mild,mild,mild,mild,severe,mild,mild,mild,mild,mild,mild,mild,mild,mild,mild,mild,mild,mild,mild,mild
EF459698.1.pbm,,mild,mild,mild,mild,mild,mild,mild,mild,mild,mild,mild,mild,mild,mild,mild,mild,mild,mild,mild,mild,mild,severe,mild,mild,severe,mild,mild,mild,mild,moderate,mild,severe,mild,mild,mild,mild,mild
EF459699.1.pbm,,mild,mild,mild,mild,mild,mild,mild,mild,mild,mild,mild,mild,mild,mild,mild,mild,mild,mild,mild,mild,mild,severe,mild,mild,mild,mild,mild,mild,mild,mild,mild,mild,mild,mild,mild,mild,mild
EF459701.1.pbm,,moderate,severe,moderate,mild,moderate,moderate,moderate,moderate,moderate,mild,moderate,moderate,moderate,moderate,moderate,moderate,moderate,moderate,mild,moderate,moderate,severe,moderate,moderate,moderate,moderate,moderate,mild,mild,moderate,moderate,moderate,moderate,moderate,moderate,moderate,mild
EU257478.1.pbm,severe,mild,mild,mild,mild,mild,mild,mild,mild,mild,mild,mild,mild,mild,mild,mild,mild,mild,mild,mild,mild,mild,severe,mild,mild,mild,mild,mild,mild,mild,mild,mild,mild,mild,mild,mild,mild,mild
EU862230.1.pbm,,severe,severe,severe,severe,severe,severe,severe,severe,severe,severe,severe,severe,severe,severe,severe,severe,severe,severe,severe,severe,severe,severe,severe,severe,severe,severe,severe,severe,severe,severe,severe,severe,severe,severe,severe,severe,severe
EU879914.1.pbm,,mild,mild,mild,mild,mild,mild,mild,mild,mild,mild,mild,mild,mild,mild,mild,mild,mild,mild,mild,mild,mild,severe,mild,mild,mild,mild,mild,mild,mild,mild,mild,mild,mild,mild,mild,mild,mild
EU879917.1.pbm,,moderate,mild,mild,mild,mild,mild,mild,mild,mild,mild,severe,mild,mild,mild,mild,mild,mild,mild,mild,mild,mild,severe,mild,mild,mild,mild,mild,mild,mild,moderate,mild,mild,mild,mild,mild,mild,mild
EU879918.1.pbm,,mild,mild,mild,mild,mild,mild,moderate,mild,mild,mild,severe,mild,mild,mild,mild,mild,mild,mild,mild,mild,mild,severe,mild,severe,mild,mild,mild,mild,mild,mild,mild,mild,mild,mild,mild,mild,mild
EU879919.1.pbm,moderate,severe,mild,mild,severe,severe,severe,severe,severe,severe,severe,severe,severe,severe,mild,severe,severe,severe,severe,severe,severe,mild,severe,mild,severe,severe,severe,mild,mild,severe,severe,severe,severe,severe,mild,severe,mild,mild
EU879920.1.pbm,,moderate,mild,mild,mild,mild,moderate,moderate,moderate,mild,mild,severe,mild,mild,mild,mild,mild,mild,mild,mild,mild,mild,severe,mild,mild,mild,mild,mild,mild,mild,moderate,moderate,mild,moderate,mild,moderate,mild,mild
EU879921.1.pbm,,mild,mild,mild,mild,mild,mild,mild,mild,severe,mild,severe,mild,mild,mild,mild,severe,severe,mild,mild,mild,mild,severe,mild,mild,mild,mild,mild,mild,mild,mild,severe,severe,mild,severe,mild,mild,mild
EU879922.1.pbm,,severe,severe,severe,severe,severe,severe,severe,severe,severe,severe,severe,severe,severe,severe,moderate,severe,severe,severe,severe,severe,mild,severe,mild,severe,severe,severe,severe,severe,severe,severe,severe,severe,severe,severe,severe,mild,mild
EU879923.1.pbm,,severe,mild,mild,mild,mild,mild,severe,mild,severe,mild,severe,severe,severe,mild,mild,severe,severe,severe,mild,severe,mild,severe,mild,severe,mild,severe,mild,mild,mild,severe,severe,severe,severe,severe,mild,mild,mild
EU879924.1.pbm,,severe,severe,severe,severe,severe,severe,severe,severe,severe,severe,severe,severe,mild,severe,severe,severe,severe,severe,severe,severe,severe,moderate,severe,severe,severe,severe,severe,severe,severe,moderate,severe,severe,severe,severe,severe,severe,severe
EU879925.1.pbm,,moderate,moderate,moderate,severe,mild,severe,severe,severe,severe,mild,severe,severe,severe,mild,moderate,moderate,severe,severe,severe,moderate,severe,moderate,moderate,moderate,severe,moderate,moderate,moderate,severe,moderate,severe,moderate,moderate,severe,severe,moderate,mild
EU879926.1.pbm,,severe,severe,severe,severe,severe,severe,severe,severe,severe,severe,severe,severe,mild,severe,severe,severe,severe,severe,severe,severe,mild,moderate,severe,severe,severe,severe,severe,severe,severe,severe,severe,severe,severe,severe,severe,severe,severe
FJ797614.1.pbm,,severe,moderate,moderate,severe,mild,severe,severe,severe,severe,severe,severe,severe,severe,mild,moderate,moderate,severe,severe,moderate,moderate,severe,severe,severe,severe,severe,moderate,severe,moderate,moderate,moderate,severe,mild,moderate,severe,moderate,mild,mild
FJ872824.1.pbm,,mild,mild,mild,mild,mild,mild,mild,mild,mild,mild,severe,mild,mild,mild,mild,mild,mild,mild,mild,mild,mild,severe,mild,mild,mild,mild,mild,mild,mild,mild,mild,mild,mild,mild,mild,mild,mild
FJ872825.1.pbm,,mild,mild,mild,mild,mild,mild,severe,mild,mild,mild,mild,mild,mild,mild,mild,mild,mild,mild,mild,mild,mild,severe,mild,mild,mild,mild,mild,mild,mild,moderate,mild,mild,mild,mild,mild,mild,mild
FM998543.1.pbm,,mild,severe,severe,severe,mild,severe,severe,severe,mild,mild,severe,severe,severe,severe,severe,severe,mild,severe,mild,mild,mild,severe,mild,mild,mild,severe,severe,mild,severe,severe,mild,severe,mild,mild,severe,mild,severe
FM998544.1.pbm,,moderate,mild,moderate,severe,moderate,moderate,moderate,severe,mild,mild,severe,severe,severe,moderate,severe,severe,moderate,moderate,mild,severe,mild,severe,moderate,mild,mild,mild,moderate,severe,mild,moderate,severe,moderate,moderate,severe,severe,mild,mild
FM998545.1.pbm,,mild,mild,severe,severe,mild,severe,mild,severe,mild,mild,severe,mild,mild,mild,mild,severe,mild,mild,mild,mild,mild,severe,mild,mild,mild,mild,mild,mild,mild,mild,mild,mild,mild,mild,mild,mild,mild
FM998546.1.pbm,,mild,moderate,moderate,severe,moderate,severe,moderate,severe,severe,mild,moderate,moderate,moderate,mild,severe,moderate,severe,mild,severe,severe,mild,moderate,severe,severe,mild,moderate,moderate,severe,mild,moderate,severe,severe,moderate,severe,severe,moderate,mild
FM998547.1.pbm,,mild,mild,mild,mild,mild,mild,mild,mild,mild,mild,mild,mild,mild,mild,mild,mild,mild,mild,mild,mild,mild,moderate,mild,mild,mild,mild,mild,mild,mild,moderate,mild,mild,mild,mild,mild,mild,mild
FM998548.1.pbm,,mild,mild,mild,mild,mild,mild,mild,mild,mild,mild,mild,mild,mild,mild,mild,mild,mild,mild,mild,mild,mild,severe,mild,mild,mild,mild,mild,mild,mild,mild,mild,mild,mild,mild,mild,mild,mild
FM998549.1.pbm,,mild,mild,mild,mild,mild,mild,mild,mild,mild,mild,mild,mild,mild,mild,mild,mild,mild,mild,mild,mild,mild,severe,mild,mild,mild,mild,mild,mild,mild,mild,mild,mild,mild,mild,mild,mild,mild
FM998550.1.pbm,,moderate,mild,moderate,mild,mild,mild,moderate,severe,moderate,mild,severe,moderate,moderate,mild,moderate,moderate,moderate,moderate,mild,mild,severe,severe,mild,moderate,mild,moderate,moderate,mild,mild,moderate,moderate,moderate,moderate,moderate,moderate,moderate,mild
FM998551.1.pbm,,severe,severe,severe,severe,mild,severe,severe,severe,severe,severe,severe,severe,severe,severe,severe,severe,severe,severe,severe,severe,mild,severe,mild,severe,severe,severe,severe,severe,severe,severe,severe,severe,severe,severe,severe,severe,mild
GQ853457.1.pbm,,severe,severe,severe,severe,severe,severe,severe,severe,severe,severe,severe,severe,severe,severe,severe,severe,severe,severe,severe,severe,severe,severe,severe,severe,severe,severe,severe,severe,severe,severe,severe,severe,severe,severe,severe,severe,severe
GQ853458.1.pbm,,severe,severe,severe,severe,severe,severe,severe,severe,severe,severe,severe,severe,severe,severe,severe,severe,severe,severe,severe,severe,severe,severe,severe,severe,severe,severe,severe,severe,severe,severe,severe,severe,severe,severe,severe,severe,severe
GQ853459.1.pbm,,severe,severe,severe,severe,severe,severe,severe,severe,severe,severe,moderate,severe,severe,severe,moderate,moderate,severe,severe,moderate,moderate,severe,severe,severe,severe,moderate,severe,severe,moderate,moderate,severe,moderate,moderate,moderate,moderate,moderate,severe,severe
GQ853460.1.pbm,,severe,severe,severe,severe,severe,severe,severe,severe,severe,mild,severe,severe,severe,moderate,severe,moderate,severe,moderate,severe,severe,severe,severe,severe,severe,mild,moderate,severe,moderate,moderate,severe,severe,severe,moderate,severe,severe,severe,severe
GQ853462.1.pbm,,severe,severe,severe,severe,severe,severe,severe,severe,severe,severe,severe,severe,severe,severe,severe,severe,severe,severe,severe,severe,severe,severe,severe,severe,severe,severe,severe,severe,severe,severe,severe,moderate,severe,severe,severe,severe,severe
GQ853463.1.pbm,,severe,severe,severe,severe,severe,severe,severe,severe,severe,severe,severe,severe,severe,severe,severe,severe,severe,severe,severe,severe,mild,severe,severe,severe,severe,severe,severe,severe,severe,severe,severe,severe,severe,severe,severe,severe,severe
GQ853464.1.pbm,,severe,severe,severe,severe,severe,severe,severe,severe,severe,severe,severe,severe,severe,severe,severe,severe,severe,severe,severe,severe,severe,severe,severe,severe,severe,severe,severe,severe,severe,severe,severe,moderate,severe,severe,severe,severe,severe
GQ853465.1.pbm,,moderate,moderate,moderate,moderate,moderate,moderate,moderate,moderate,moderate,moderate,moderate,moderate,moderate,moderate,moderate,moderate,moderate,moderate,moderate,moderate,severe,severe,moderate,moderate,moderate,moderate,moderate,moderate,moderate,moderate,moderate,moderate,moderate,moderate,moderate,moderate,moderate
GQ853466.1.pbm,,severe,severe,severe,severe,severe,severe,severe,severe,severe,severe,severe,severe,severe,severe,severe,severe,severe,severe,severe,severe,severe,severe,severe,severe,severe,severe,severe,severe,severe,severe,severe,moderate,severe,severe,severe,severe,severe
GQ853467.1.pbm,,moderate,moderate,moderate,moderate,moderate,moderate,moderate,moderate,moderate,moderate,moderate,moderate,moderate,moderate,moderate,moderate,moderate,moderate,moderate,moderate,severe,severe,moderate,moderate,moderate,moderate,moderate,moderate,moderate,moderate,moderate,moderate,moderate,moderate,moderate,moderate,moderate
GQ853468.1.pbm,,moderate,moderate,moderate,moderate,moderate,moderate,moderate,moderate,moderate,moderate,moderate,moderate,moderate,moderate,moderate,moderate,moderate,moderate,moderate,moderate,severe,severe,moderate,moderate,moderate,moderate,moderate,moderate,moderate,moderate,moderate,moderate,moderate,moderate,moderate,moderate,moderate
GQ853469.1.pbm,,severe,severe,moderate,moderate,moderate,moderate,moderate,severe,moderate,mild,severe,moderate,moderate,mild,moderate,moderate,severe,moderate,moderate,moderate,severe,severe,moderate,severe,moderate,moderate,moderate,moderate,moderate,severe,moderate,moderate,moderate,severe,moderate,severe,severe
GU481092.1.pbm,,moderate,moderate,moderate,moderate,moderate,moderate,moderate,moderate,moderate,moderate,moderate,moderate,moderate,moderate,moderate,severe,moderate,moderate,moderate,severe,severe,severe,moderate,moderate,moderate,moderate,moderate,moderate,mild,moderate,moderate,moderate,moderate,moderate,severe,moderate,mild
HE575349.1.pbm,,severe,severe,severe,severe,severe,severe,severe,severe,severe,severe,severe,severe,severe,severe,severe,severe,severe,severe,severe,severe,severe,severe,severe,severe,severe,severe,severe,severe,severe,severe,severe,severe,severe,severe,severe,severe,severe
HM753555.1.pbm,,mild,mild,mild,mild,severe,mild,severe,mild,mild,mild,mild,mild,mild,mild,mild,mild,mild,mild,mild,mild,mild,severe,mild,mild,mild,mild,mild,mild,mild,moderate,mild,mild,mild,mild,mild,mild,mild
HQ452399.1.pbm,,moderate,moderate,moderate,severe,mild,severe,severe,severe,severe,mild,severe,severe,severe,mild,moderate,moderate,severe,mild,severe,severe,severe,severe,severe,severe,severe,severe,moderate,moderate,moderate,moderate,moderate,severe,severe,severe,severe,mild,mild
HQ452400.1.pbm,,mild,mild,mild,mild,mild,mild,mild,mild,mild,mild,mild,mild,mild,mild,mild,mild,mild,mild,mild,mild,mild,severe,mild,mild,mild,mild,mild,mild,mild,moderate,mild,mild,mild,mild,mild,mild,mild
HQ452401.1.pbm,,mild,mild,mild,severe,mild,mild,mild,mild,mild,mild,mild,mild,mild,mild,mild,mild,mild,mild,mild,mild,mild,severe,mild,mild,mild,mild,mild,mild,mild,mild,mild,mild,mild,severe,mild,mild,mild
HQ452402.1.pbm,,mild,mild,mild,mild,mild,mild,mild,mild,mild,mild,severe,mild,mild,mild,mild,mild,mild,mild,mild,mild,mild,severe,mild,mild,mild,mild,mild,mild,mild,mild,mild,severe,mild,mild,mild,mild,mild
HQ452403.1.pbm,,mild,severe,severe,severe,mild,severe,severe,mild,mild,mild,severe,severe,severe,mild,mild,mild,mild,mild,mild,mild,mild,severe,moderate,severe,mild,mild,severe,mild,mild,severe,mild,mild,severe,severe,mild,severe,mild
HQ452404.1.pbm,,severe,mild,severe,severe,mild,severe,mild,severe,mild,severe,mild,severe,mild,mild,mild,mild,mild,mild,severe,mild,severe,severe,mild,mild,mild,mild,mild,mild,severe,severe,severe,severe,mild,severe,mild,mild,mild
HQ452405.1.pbm,,mild,severe,mild,severe,mild,severe,mild,mild,mild,mild,mild,severe,mild,mild,severe,mild,mild,mild,mild,mild,mild,severe,mild,mild,mild,mild,mild,mild,mild,severe,mild,severe,mild,severe,moderate,severe,mild
HQ452406.1.pbm,,mild,mild,severe,severe,mild,mild,mild,mild,mild,mild,mild,severe,mild,mild,mild,mild,mild,mild,mild,mild,mild,severe,mild,mild,mild,mild,mild,mild,mild,mild,mild,mild,mild,mild,mild,mild,mild
HQ452407.1.pbm,,mild,severe,severe,severe,mild,severe,mild,mild,mild,mild,severe,severe,severe,mild,severe,mild,mild,mild,mild,mild,mild,severe,moderate,mild,severe,mild,severe,mild,mild,severe,mild,mild,mild,mild,moderate,mild,mild
HQ452408.1.pbm,,mild,severe,severe,severe,mild,severe,mild,mild,mild,mild,severe,severe,mild,moderate,mild,severe,mild,mild,mild,severe,mild,severe,moderate,severe,severe,mild,severe,mild,mild,severe,mild,severe,severe,severe,mild,mild,mild
HQ452409.1.pbm,,mild,mild,severe,severe,mild,mild,moderate,severe,mild,mild,moderate,mild,mild,moderate,mild,mild,mild,mild,mild,mild,mild,severe,mild,mild,mild,mild,moderate,mild,mild,moderate,mild,severe,mild,mild,mild,mild,mild
HQ452410.1.pbm,,mild,mild,severe,severe,mild,mild,severe,mild,mild,mild,mild,mild,mild,mild,severe,mild,mild,mild,mild,mild,mild,severe,mild,severe,severe,mild,severe,mild,mild,severe,mild,severe,mild,mild,mild,mild,mild
HQ452411.1.pbm,,mild,mild,severe,severe,mild,mild,mild,mild,mild,mild,severe,mild,mild,mild,mild,mild,mild,mild,mild,mild,mild,severe,mild,severe,mild,mild,mild,mild,mild,mild,mild,severe,mild,mild,mild,mild,mild
HQ452412.1.pbm,,mild,mild,severe,severe,mild,mild,mild,mild,mild,mild,severe,mild,mild,mild,severe,mild,mild,mild,mild,mild,mild,severe,mild,mild,mild,mild,mild,mild,mild,mild,mild,severe,mild,mild,mild,mild,mild
HQ452413.1.pbm,,mild,mild,mild,severe,mild,mild,mild,mild,mild,severe,mild,mild,mild,mild,severe,mild,mild,mild,mild,mild,mild,severe,mild,mild,mild,mild,mild,mild,mild,mild,mild,severe,mild,severe,mild,mild,mild
HQ452414.1.pbm,,severe,severe,severe,severe,mild,severe,severe,severe,severe,severe,severe,severe,severe,mild,severe,severe,severe,mild,severe,severe,severe,severe,severe,severe,mild,severe,severe,mild,severe,severe,severe,severe,mild,severe,severe,mild,mild
HQ452415.1.pbm,mild,mild,mild,severe,severe,mild,mild,mild,mild,mild,mild,mild,severe,mild,mild,mild,mild,mild,mild,mild,mild,mild,severe,mild,mild,mild,mild,mild,mild,mild,severe,mild,mild,mild,mild,mild,mild,mild
HQ452416.1.pbm,,mild,severe,severe,severe,mild,severe,mild,mild,mild,mild,mild,severe,severe,mild,severe,mild,mild,mild,mild,mild,mild,severe,moderate,mild,mild,mild,severe,mild,mild,severe,mild,mild,mild,mild,severe,mild,mild
HQ454919.1.pbm,,moderate,mild,moderate,mild,mild,mild,moderate,severe,moderate,mild,severe,moderate,moderate,mild,moderate,moderate,moderate,moderate,mild,mild,severe,severe,mild,moderate,mild,moderate,moderate,mild,mild,moderate,moderate,moderate,moderate,moderate,moderate,moderate,mild
HQ454920.1.pbm,,moderate,mild,moderate,mild,mild,mild,moderate,severe,moderate,mild,severe,moderate,moderate,mild,moderate,moderate,moderate,moderate,mild,mild,severe,severe,mild,moderate,mild,moderate,moderate,mild,mild,moderate,moderate,moderate,moderate,moderate,moderate,moderate,mild
HQ454921.1.pbm,,moderate,mild,moderate,mild,mild,mild,moderate,severe,moderate,mild,severe,moderate,moderate,mild,moderate,moderate,moderate,moderate,mild,mild,severe,severe,mild,moderate,mild,moderate,moderate,mild,mild,moderate,moderate,moderate,moderate,moderate,moderate,moderate,mild
HQ454922.1.pbm,,moderate,severe,moderate,severe,moderate,moderate,moderate,severe,severe,severe,moderate,moderate,severe,moderate,moderate,moderate,moderate,severe,mild,mild,moderate,severe,moderate,moderate,moderate,moderate,moderate,severe,mild,moderate,moderate,moderate,moderate,moderate,moderate,moderate,severe
HQ454923.1.pbm,,mild,mild,mild,mild,mild,mild,mild,mild,mild,mild,severe,mild,mild,mild,mild,mild,mild,mild,mild,mild,mild,severe,mild,mild,mild,mild,mild,mild,mild,moderate,mild,mild,mild,mild,mild,mild,mild
HQ454924.1.pbm,,mild,mild,mild,severe,mild,mild,mild,mild,mild,mild,severe,mild,mild,mild,mild,mild,mild,mild,mild,mild,mild,severe,mild,mild,mild,mild,mild,mild,mild,mild,mild,mild,mild,mild,mild,mild,mild
HQ454925.1.pbm,,mild,mild,mild,mild,mild,mild,mild,mild,mild,mild,mild,mild,mild,mild,mild,mild,mild,mild,mild,mild,mild,severe,mild,mild,mild,mild,mild,mild,mild,mild,mild,mild,mild,mild,mild,mild,mild
HQ454926.1.pbm,,moderate,mild,mild,mild,mild,mild,moderate,severe,mild,mild,severe,moderate,mild,mild,moderate,moderate,moderate,mild,mild,severe,mild,severe,mild,severe,mild,moderate,mild,mild,mild,moderate,moderate,mild,mild,severe,moderate,moderate,mild
HQ454927.1.pbm,,mild,mild,mild,mild,mild,mild,mild,mild,mild,mild,severe,mild,mild,mild,mild,mild,mild,mild,mild,mild,mild,severe,mild,mild,mild,mild,mild,mild,mild,mild,mild,severe,mild,mild,mild,mild,mild
HQ454928.1.pbm,,mild,mild,mild,mild,mild,mild,mild,mild,mild,mild,mild,mild,mild,mild,mild,mild,mild,mild,mild,mild,mild,severe,mild,mild,mild,mild,mild,mild,mild,mild,mild,mild,mild,mild,mild,mild,mild
HQ454929.1.pbm,,severe,severe,severe,severe,severe,severe,severe,severe,severe,severe,severe,severe,severe,severe,severe,severe,severe,severe,severe,severe,mild,severe,mild,severe,severe,severe,severe,severe,severe,severe,severe,severe,severe,severe,severe,severe,mild
HQ454930.1.pbm,,mild,mild,mild,severe,mild,severe,mild,mild,mild,mild,severe,mild,mild,mild,mild,mild,mild,mild,mild,severe,mild,severe,mild,severe,mild,mild,mild,mild,mild,moderate,mild,severe,mild,mild,mild,mild,mild
HQ454931.1.pbm,,mild,mild,mild,severe,mild,mild,mild,mild,mild,mild,severe,mild,mild,mild,mild,mild,mild,mild,mild,mild,mild,severe,mild,mild,mild,mild,mild,mild,mild,mild,mild,mild,mild,mild,mild,mild,mild
HQ454932.1.pbm,,moderate,moderate,moderate,moderate,moderate,moderate,moderate,severe,mild,mild,moderate,moderate,mild,moderate,moderate,moderate,moderate,moderate,moderate,mild,mild,moderate,mild,moderate,moderate,moderate,moderate,mild,mild,moderate,moderate,moderate,moderate,severe,severe,moderate,mild
HQ454937.1.pbm,,mild,mild,moderate,mild,mild,severe,mild,mild,mild,mild,mild,mild,mild,mild,mild,mild,mild,moderate,mild,mild,mild,severe,mild,mild,mild,mild,mild,mild,mild,moderate,mild,mild,mild,mild,mild,mild,mild
HQ456944.1.pbm,severe,moderate,moderate,moderate,severe,mild,moderate,severe,severe,moderate,mild,moderate,moderate,moderate,mild,severe,moderate,moderate,mild,moderate,moderate,severe,severe,moderate,moderate,severe,moderate,moderate,moderate,mild,moderate,moderate,moderate,moderate,severe,moderate,severe,mild
HQ639697.1.pbm,,mild,mild,mild,mild,mild,mild,mild,mild,mild,mild,mild,mild,mild,mild,mild,mild,mild,mild,mild,mild,mild,severe,mild,mild,mild,mild,mild,mild,mild,mild,mild,mild,mild,mild,mild,mild,mild
HQ639698.1.pbm,,mild,mild,mild,mild,mild,mild,mild,mild,mild,mild,mild,mild,mild,mild,mild,mild,mild,mild,mild,mild,mild,severe,mild,mild,mild,mild,mild,mild,mild,severe,mild,mild,mild,mild,mild,mild,mild
HQ639699.1.pbm,,severe,severe,severe,severe,severe,severe,severe,severe,severe,severe,severe,severe,severe,severe,severe,severe,severe,severe,severe,severe,severe,severe,severe,severe,severe,severe,severe,severe,severe,severe,severe,severe,severe,severe,severe,severe,severe
HQ639700.1.pbm,,mild,mild,mild,mild,mild,mild,moderate,mild,mild,mild,severe,mild,mild,mild,mild,mild,mild,mild,mild,mild,mild,severe,mild,severe,mild,mild,mild,mild,mild,mild,mild,mild,mild,mild,mild,mild,mild
HQ639701.1.pbm,,mild,mild,mild,mild,mild,mild,mild,mild,mild,mild,mild,mild,mild,mild,mild,mild,mild,mild,mild,mild,mild,severe,mild,mild,mild,mild,mild,mild,mild,mild,mild,mild,mild,mild,mild,mild,mild
JQ889839.1.pbm,,moderate,moderate,moderate,moderate,moderate,moderate,moderate,moderate,moderate,moderate,moderate,moderate,moderate,moderate,moderate,severe,moderate,moderate,moderate,severe,severe,severe,moderate,moderate,moderate,moderate,moderate,moderate,mild,moderate,moderate,moderate,moderate,moderate,severe,moderate,mild
JQ889840.1.pbm,mild,moderate,moderate,moderate,mild,moderate,moderate,moderate,moderate,severe,mild,severe,moderate,mild,moderate,moderate,moderate,moderate,moderate,moderate,severe,mild,severe,mild,severe,mild,moderate,moderate,mild,mild,moderate,severe,moderate,moderate,severe,moderate,moderate,mild
JQ889841.1.pbm,,mild,mild,mild,mild,mild,mild,moderate,mild,mild,mild,severe,mild,mild,mild,mild,mild,mild,mild,mild,mild,mild,severe,mild,severe,mild,mild,mild,mild,mild,mild,mild,mild,mild,mild,mild,mild,mild
JQ889842.1.pbm,,mild,mild,mild,mild,mild,mild,mild,mild,mild,mild,severe,mild,mild,mild,mild,mild,mild,mild,mild,mild,mild,severe,mild,mild,mild,mild,mild,mild,mild,moderate,mild,mild,mild,mild,mild,mild,mild
JQ889843.1.pbm,moderate,severe,mild,mild,mild,mild,mild,severe,mild,severe,mild,severe,severe,severe,mild,mild,severe,severe,severe,mild,mild,mild,severe,mild,severe,mild,severe,mild,mild,mild,severe,severe,severe,severe,severe,mild,mild,mild
JQ889844.1.pbm,moderate,mild,mild,mild,mild,mild,mild,mild,mild,mild,mild,mild,mild,mild,mild,mild,mild,mild,mild,mild,mild,mild,severe,mild,mild,mild,mild,mild,mild,mild,severe,mild,mild,mild,mild,mild,mild,mild
JQ889845.1.pbm,,moderate,mild,severe,mild,mild,mild,severe,mild,mild,mild,mild,severe,mild,mild,mild,mild,mild,severe,mild,mild,mild,severe,severe,mild,mild,mild,mild,mild,mild,severe,mild,moderate,severe,mild,severe,mild,mild
JQ889846.1.pbm,,moderate,mild,severe,mild,mild,mild,severe,mild,mild,mild,mild,severe,mild,mild,mild,mild,mild,severe,mild,mild,mild,severe,severe,mild,mild,mild,mild,mild,mild,severe,mild,moderate,severe,mild,severe,mild,mild
JQ889847.1.pbm,,moderate,mild,mild,mild,mild,moderate,moderate,moderate,mild,mild,severe,mild,mild,mild,mild,mild,mild,mild,mild,mild,mild,severe,mild,mild,mild,mild,mild,mild,mild,moderate,moderate,mild,moderate,mild,moderate,mild,mild
JQ889848.1.pbm,,moderate,mild,mild,mild,mild,moderate,moderate,moderate,mild,mild,severe,mild,mild,mild,mild,mild,mild,mild,mild,mild,mild,severe,mild,mild,mild,mild,mild,mild,mild,moderate,moderate,mild,moderate,mild,moderate,mild,mild
JQ889849.1.pbm,,mild,mild,mild,mild,mild,mild,mild,mild,mild,mild,severe,mild,mild,mild,mild,mild,mild,mild,mild,mild,mild,severe,mild,mild,mild,mild,mild,mild,severe,mild,mild,mild,mild,mild,mild,mild,mild
JQ889850.1.pbm,,mild,mild,mild,mild,mild,mild,mild,mild,mild,mild,mild,mild,mild,mild,mild,mild,mild,mild,mild,mild,mild,severe,mild,mild,mild,mild,mild,mild,mild,mild,mild,mild,mild,mild,mild,mild,mild
JQ889851.1.pbm,,mild,severe,severe,severe,mild,mild,severe,severe,severe,mild,severe,mild,mild,mild,severe,mild,mild,mild,mild,mild,mild,severe,mild,severe,mild,mild,mild,mild,mild,severe,severe,mild,severe,mild,mild,mild,mild
JQ889852.1.pbm,,mild,mild,mild,severe,mild,mild,mild,severe,severe,mild,severe,mild,mild,mild,mild,mild,severe,mild,mild,severe,mild,severe,mild,severe,mild,mild,mild,mild,mild,mild,mild,mild,mild,mild,mild,mild,mild
JQ889853.1.pbm,,severe,severe,severe,severe,severe,severe,severe,severe,severe,severe,severe,severe,severe,severe,severe,severe,severe,severe,severe,severe,severe,severe,severe,severe,severe,severe,severe,severe,severe,severe,severe,severe,severe,severe,severe,severe,severe
JQ889854.1.pbm,,moderate,mild,moderate,severe,moderate,severe,moderate,severe,mild,mild,moderate,mild,severe,mild,moderate,moderate,moderate,moderate,severe,severe,mild,severe,mild,severe,mild,mild,moderate,moderate,mild,moderate,severe,moderate,moderate,severe,severe,moderate,mild
KC810005.1.pbm,,moderate,mild,moderate,mild,mild,moderate,moderate,severe,mild,mild,moderate,moderate,mild,moderate,moderate,moderate,moderate,mild,severe,mild,mild,moderate,moderate,moderate,mild,moderate,moderate,mild,mild,moderate,moderate,mild,moderate,severe,moderate,moderate,mild
KC810006.1.pbm,,mild,mild,mild,mild,mild,mild,mild,mild,mild,mild,mild,mild,mild,mild,mild,mild,mild,mild,mild,mild,mild,severe,mild,mild,mild,mild,mild,mild,mild,mild,mild,mild,mild,mild,mild,mild,mild
KC810007.1.pbm,,mild,mild,mild,mild,mild,mild,mild,mild,mild,mild,mild,mild,mild,mild,mild,mild,mild,mild,mild,mild,mild,severe,mild,mild,mild,mild,mild,mild,mild,mild,mild,mild,mild,mild,mild,mild,mild
KC810008.1.pbm,,mild,mild,severe,severe,mild,severe,severe,mild,mild,mild,severe,severe,mild,mild,moderate,mild,mild,mild,mild,mild,mild,moderate,mild,mild,mild,mild,mild,mild,mild,moderate,severe,moderate,mild,mild,moderate,mild,mild
KC810009.1.pbm,,mild,mild,mild,mild,mild,mild,mild,mild,mild,mild,mild,mild,mild,mild,mild,mild,mild,mild,mild,mild,mild,moderate,mild,mild,mild,mild,mild,mild,mild,mild,mild,mild,mild,mild,mild,mild,mild
KF049417.1.pbm,,mild,mild,mild,mild,mild,mild,mild,mild,mild,mild,mild,mild,mild,mild,mild,mild,mild,mild,mild,mild,mild,severe,mild,severe,mild,mild,mild,mild,mild,moderate,mild,mild,mild,moderate,mild,mild,mild
KF418768.1.pbm,,mild,mild,mild,mild,mild,mild,mild,mild,mild,mild,mild,mild,mild,mild,mild,mild,mild,mild,mild,mild,mild,mild,mild,mild,mild,mild,mild,mild,mild,mild,mild,mild,mild,mild,mild,mild,mild
KF493732.1.pbm,,severe,severe,moderate,severe,severe,severe,severe,severe,severe,severe,severe,moderate,severe,moderate,severe,moderate,severe,moderate,moderate,moderate,severe,moderate,severe,severe,severe,moderate,severe,moderate,severe,severe,moderate,severe,moderate,severe,moderate,severe,severe
KJ857497.1.pbm,,moderate,moderate,moderate,moderate,moderate,moderate,moderate,moderate,moderate,moderate,moderate,moderate,moderate,moderate,moderate,moderate,moderate,mild,moderate,moderate,moderate,moderate,moderate,moderate,moderate,moderate,moderate,moderate,moderate,moderate,moderate,moderate,moderate,moderate,moderate,moderate,moderate
KJ857498.1.pbm,,moderate,moderate,moderate,moderate,moderate,moderate,moderate,moderate,moderate,moderate,moderate,moderate,moderate,moderate,moderate,moderate,moderate,mild,moderate,moderate,moderate,moderate,moderate,moderate,moderate,moderate,moderate,moderate,moderate,moderate,moderate,moderate,moderate,moderate,moderate,moderate,moderate
KM588065.1.pbm,mild,mild,mild,mild,mild,mild,mild,mild,mild,mild,mild,mild,mild,mild,mild,mild,mild,mild,mild,mild,mild,mild,mild,mild,mild,mild,mild,mild,mild,mild,mild,mild,mild,mild,mild,mild,mild,mild
KR611334.1.pbm,,moderate,moderate,moderate,severe,moderate,moderate,moderate,moderate,severe,mild,severe,moderate,mild,moderate,moderate,moderate,moderate,moderate,moderate,severe,mild,severe,mild,severe,moderate,moderate,moderate,mild,mild,moderate,severe,moderate,moderate,severe,moderate,moderate,mild
KR611335.1.pbm,,mild,mild,mild,mild,mild,mild,mild,mild,mild,mild,severe,mild,mild,mild,mild,mild,mild,mild,mild,severe,mild,severe,mild,mild,mild,mild,mild,mild,mild,mild,mild,mild,mild,mild,mild,mild,mild
KR611336.1.pbm,,mild,mild,mild,mild,mild,mild,mild,mild,mild,mild,mild,mild,mild,mild,mild,mild,mild,mild,mild,mild,mild,severe,mild,mild,mild,mild,mild,mild,mild,mild,mild,mild,mild,mild,mild,mild,mild
KR611337.1.pbm,moderate,moderate,moderate,moderate,severe,moderate,moderate,moderate,moderate,severe,mild,severe,moderate,mild,moderate,moderate,moderate,moderate,moderate,moderate,severe,mild,severe,mild,severe,moderate,moderate,moderate,mild,mild,moderate,severe,moderate,moderate,severe,moderate,moderate,mild
KR611341.1.pbm,,moderate,severe,moderate,severe,moderate,moderate,severe,severe,severe,mild,severe,moderate,severe,severe,moderate,moderate,severe,moderate,moderate,severe,mild,moderate,moderate,moderate,moderate,severe,moderate,moderate,moderate,moderate,moderate,moderate,moderate,moderate,moderate,moderate,mild
KR611342.1.pbm,,severe,severe,severe,severe,moderate,severe,moderate,severe,severe,severe,severe,severe,severe,moderate,severe,moderate,moderate,severe,moderate,severe,moderate,severe,severe,severe,severe,severe,moderate,moderate,moderate,moderate,moderate,moderate,moderate,severe,moderate,severe,severe
KR611343.1.pbm,,moderate,severe,moderate,severe,severe,severe,severe,severe,severe,severe,moderate,severe,severe,moderate,moderate,moderate,severe,moderate,severe,severe,severe,moderate,moderate,severe,severe,severe,moderate,moderate,severe,moderate,moderate,moderate,severe,severe,severe,severe,severe
KR611344.1.pbm,,moderate,severe,severe,severe,mild,severe,severe,severe,severe,mild,severe,severe,severe,moderate,moderate,moderate,severe,severe,severe,mild,severe,severe,mild,severe,mild,severe,moderate,moderate,mild,severe,severe,severe,severe,severe,moderate,severe,severe
KR611346.1.pbm,,mild,mild,mild,mild,mild,mild,mild,mild,mild,mild,mild,mild,mild,mild,mild,mild,mild,mild,mild,mild,mild,severe,mild,mild,mild,mild,mild,mild,mild,mild,mild,mild,mild,mild,mild,mild,mild
KR611347.1.pbm,,mild,mild,mild,mild,mild,mild,mild,mild,mild,mild,mild,mild,mild,mild,mild,mild,mild,mild,mild,mild,mild,severe,mild,mild,mild,mild,mild,mild,mild,mild,mild,mild,mild,mild,moderate,mild,mild
KR611348.1.pbm,,mild,mild,severe,mild,mild,severe,mild,mild,mild,mild,mild,severe,severe,moderate,mild,mild,mild,severe,mild,mild,mild,severe,moderate,mild,mild,mild,severe,mild,mild,moderate,severe,mild,mild,mild,mild,mild,mild
KR611349.1.pbm,,severe,severe,severe,severe,severe,severe,severe,severe,severe,severe,severe,severe,severe,severe,severe,severe,severe,severe,severe,severe,severe,severe,severe,severe,severe,severe,severe,severe,mild,severe,severe,severe,severe,severe,severe,severe,mild
KR611350.1.pbm,mild,mild,mild,severe,mild,mild,mild,mild,severe,severe,mild,severe,mild,mild,mild,mild,severe,mild,mild,severe,severe,mild,severe,mild,severe,severe,mild,severe,mild,severe,severe,severe,severe,severe,severe,severe,severe,mild
KR611351.1.pbm,,severe,severe,severe,severe,severe,severe,severe,severe,severe,severe,severe,severe,severe,mild,severe,moderate,severe,severe,severe,mild,severe,severe,severe,severe,severe,severe,severe,moderate,mild,severe,severe,severe,severe,severe,severe,severe,severe
KR611352.1.pbm,,moderate,severe,severe,severe,severe,moderate,severe,severe,severe,mild,severe,severe,mild,moderate,moderate,moderate,severe,severe,severe,severe,mild,moderate,mild,moderate,severe,severe,severe,moderate,severe,severe,moderate,moderate,severe,severe,severe,moderate,severe
KR611353.1.pbm,,severe,severe,severe,severe,severe,severe,severe,severe,severe,severe,severe,severe,severe,severe,severe,moderate,severe,severe,severe,severe,severe,moderate,severe,severe,severe,severe,severe,moderate,severe,moderate,severe,moderate,severe,severe,moderate,severe,severe
KR611354.1.pbm,,moderate,severe,severe,severe,severe,moderate,severe,severe,severe,mild,severe,severe,mild,moderate,moderate,moderate,severe,severe,severe,severe,mild,moderate,mild,moderate,severe,severe,severe,moderate,severe,severe,moderate,moderate,severe,severe,severe,moderate,severe
KR611357.1.pbm,,mild,mild,moderate,mild,mild,moderate,moderate,moderate,mild,mild,moderate,mild,mild,mild,moderate,mild,mild,mild,mild,moderate,mild,severe,mild,moderate,mild,mild,mild,mild,mild,moderate,mild,mild,moderate,mild,moderate,mild,mild
KR611358.1.pbm,,mild,mild,severe,severe,mild,severe,severe,severe,severe,mild,severe,mild,mild,mild,mild,mild,severe,mild,mild,severe,mild,severe,mild,mild,mild,mild,mild,mild,mild,mild,mild,mild,severe,severe,mild,mild,mild
KR611359.1.pbm,,mild,mild,severe,mild,mild,severe,mild,mild,mild,mild,severe,severe,severe,mild,mild,mild,mild,mild,mild,severe,mild,severe,mild,mild,mild,mild,severe,mild,mild,moderate,severe,moderate,mild,mild,mild,mild,mild
KR611361.1.pbm,,mild,mild,mild,severe,mild,mild,severe,mild,severe,mild,severe,mild,mild,mild,mild,mild,mild,mild,severe,severe,mild,severe,severe,mild,mild,mild,mild,mild,mild,moderate,severe,severe,mild,mild,severe,mild,mild
KR611362.1.pbm,,mild,mild,mild,mild,mild,mild,mild,mild,mild,mild,mild,mild,mild,mild,mild,mild,mild,mild,mild,mild,mild,severe,mild,mild,mild,mild,mild,mild,mild,mild,mild,mild,mild,mild,mild,mild,mild
KR611365.1.pbm,,moderate,moderate,moderate,moderate,moderate,moderate,moderate,moderate,moderate,moderate,severe,moderate,moderate,moderate,moderate,moderate,moderate,moderate,moderate,severe,severe,severe,severe,moderate,moderate,moderate,moderate,severe,mild,moderate,moderate,moderate,moderate,moderate,moderate,moderate,mild
KR611370.1.pbm,,mild,mild,mild,mild,mild,mild,mild,mild,mild,mild,severe,mild,mild,mild,mild,mild,mild,mild,mild,mild,mild,severe,mild,mild,mild,mild,mild,mild,mild,mild,mild,mild,mild,mild,moderate,mild,mild
KR611371.1.pbm,,mild,mild,severe,severe,mild,mild,mild,severe,mild,mild,severe,mild,mild,mild,mild,mild,mild,mild,mild,mild,mild,severe,mild,mild,mild,mild,mild,mild,mild,severe,mild,mild,mild,mild,mild,mild,mild
KR611372.1.pbm,,mild,mild,mild,mild,mild,mild,mild,mild,mild,mild,mild,mild,mild,mild,mild,mild,mild,mild,mild,mild,mild,severe,mild,mild,mild,mild,mild,mild,mild,mild,mild,mild,mild,mild,mild,mild,mild
KR611375.1.pbm,,mild,mild,severe,severe,severe,severe,severe,severe,severe,severe,severe,mild,severe,mild,mild,mild,severe,mild,severe,severe,severe,severe,mild,severe,mild,mild,mild,mild,mild,severe,severe,severe,severe,severe,severe,mild,mild
KR611376.1.pbm,,moderate,severe,moderate,severe,moderate,moderate,moderate,severe,severe,mild,severe,moderate,mild,moderate,moderate,moderate,moderate,severe,severe,moderate,mild,moderate,moderate,moderate,moderate,severe,moderate,moderate,moderate,moderate,moderate,moderate,severe,severe,severe,moderate,mild
KX159281.1.pbm,,mild,mild,mild,mild,mild,mild,mild,mild,mild,mild,mild,mild,mild,mild,mild,mild,mild,mild,mild,mild,mild,mild,mild,mild,mild,mild,mild,mild,mild,mild,mild,mild,mild,mild,mild,mild,mild
KX159282.1.pbm,,mild,mild,mild,mild,mild,mild,mild,mild,mild,mild,mild,mild,mild,mild,mild,mild,mild,mild,mild,mild,mild,mild,mild,mild,mild,mild,mild,mild,mild,mild,mild,mild,mild,mild,mild,mild,mild
KX159283.1.pbm,,mild,mild,mild,mild,mild,mild,mild,mild,mild,mild,mild,mild,mild,mild,mild,mild,mild,mild,mild,mild,mild,mild,mild,mild,mild,mild,mild,mild,mild,mild,mild,mild,mild,mild,mild,mild,mild
KX159284.1.pbm,,moderate,moderate,severe,moderate,moderate,mild,moderate,moderate,moderate,severe,moderate,moderate,moderate,mild,moderate,moderate,moderate,mild,mild,moderate,mild,mild,mild,moderate,moderate,moderate,moderate,moderate,moderate,moderate,moderate,moderate,moderate,mild,moderate,mild,mild
KY328287.1.pbm,,mild,mild,mild,mild,mild,mild,mild,mild,mild,mild,mild,mild,mild,mild,mild,mild,mild,mild,mild,mild,mild,mild,mild,mild,mild,mild,mild,mild,mild,mild,mild,mild,mild,mild,mild,mild,mild
KY328288.1.pbm,,mild,mild,mild,mild,mild,mild,mild,mild,mild,mild,mild,mild,mild,mild,mild,mild,mild,mild,mild,mild,mild,mild,mild,mild,mild,mild,mild,mild,mild,mild,mild,mild,mild,mild,mild,mild,mild
KY522728.1.pbm,,mild,mild,mild,mild,mild,mild,mild,mild,mild,mild,mild,mild,mild,mild,mild,mild,mild,mild,mild,mild,mild,mild,mild,mild,mild,mild,mild,mild,mild,mild,mild,mild,mild,mild,mild,mild,mild
KY522729.1.pbm,,mild,mild,mild,mild,mild,mild,mild,mild,mild,mild,mild,mild,mild,mild,mild,mild,mild,mild,mild,mild,mild,mild,mild,mild,mild,mild,mild,mild,mild,mild,mild,mild,mild,mild,mild,mild,mild
KY522730.1.pbm,,mild,mild,mild,mild,mild,mild,mild,mild,mild,mild,mild,mild,mild,mild,mild,mild,mild,mild,mild,mild,mild,mild,mild,mild,mild,mild,mild,mild,mild,mild,mild,mild,mild,mild,mild,mild,mild
KY522731.1.pbm,,mild,mild,mild,mild,mild,mild,mild,mild,mild,mild,mild,mild,mild,mild,mild,mild,mild,mild,mild,mild,mild,mild,mild,mild,mild,mild,mild,mild,mild,mild,mild,mild,mild,mild,mild,mild,mild
KY522732.1.pbm,,mild,mild,mild,mild,mild,mild,mild,mild,mild,mild,mild,mild,mild,mild,mild,mild,mild,mild,mild,mild,mild,mild,mild,mild,mild,mild,mild,mild,mild,mild,mild,mild,mild,mild,mild,mild,mild
KY522733.1.pbm,,mild,mild,mild,mild,mild,mild,mild,mild,mild,mild,mild,mild,mild,mild,mild,mild,mild,mild,mild,mild,mild,mild,mild,mild,mild,mild,mild,mild,mild,mild,mild,mild,mild,mild,mild,mild,mild
KY522734.1.pbm,,mild,mild,mild,mild,mild,mild,mild,mild,mild,mild,mild,mild,mild,mild,mild,mild,mild,mild,mild,mild,mild,mild,mild,mild,mild,mild,mild,mild,mild,mild,mild,mild,mild,mild,mild,mild,mild
KY522735.1.pbm,,mild,mild,mild,mild,mild,mild,mild,mild,mild,mild,mild,mild,mild,mild,mild,mild,mild,mild,mild,mild,mild,mild,mild,mild,mild,mild,mild,mild,mild,mild,mild,mild,mild,mild,mild,mild,mild
KY522736.1.pbm,,mild,mild,mild,mild,mild,mild,mild,mild,mild,mild,mild,mild,mild,mild,mild,mild,mild,mild,mild,mild,mild,mild,mild,mild,mild,mild,mild,mild,mild,mild,mild,mild,mild,mild,mild,mild,mild
KY522737.1.pbm,mild,mild,mild,mild,mild,mild,mild,mild,mild,mild,mild,mild,mild,mild,mild,mild,mild,mild,mild,mild,mild,mild,mild,mild,mild,mild,mild,mild,mild,mild,mild,mild,mild,mild,mild,mild,mild,mild
KY522738.1.pbm,mild,mild,mild,mild,mild,mild,mild,mild,mild,mild,mild,mild,mild,mild,mild,mild,mild,mild,mild,mild,mild,mild,mild,mild,mild,mild,mild,mild,mild,mild,mild,mild,mild,mild,mild,mild,mild,mild
KY522739.1.pbm,,mild,mild,mild,mild,mild,mild,mild,mild,mild,mild,mild,mild,mild,mild,mild,mild,mild,mild,mild,mild,mild,mild,mild,mild,mild,mild,mild,mild,mild,mild,mild,mild,mild,mild,mild,mild,mild
KY522740.1.pbm,,mild,mild,mild,mild,mild,mild,mild,mild,mild,mild,mild,mild,mild,mild,mild,mild,mild,mild,mild,mild,mild,mild,mild,mild,mild,mild,mild,mild,mild,mild,mild,mild,mild,mild,mild,mild,mild
KY522741.1.pbm,,mild,mild,mild,mild,mild,mild,mild,mild,mild,mild,mild,mild,mild,mild,mild,mild,mild,mild,mild,mild,mild,mild,mild,mild,mild,mild,mild,mild,mild,mild,mild,mild,mild,mild,mild,mild,mild
KY936875.1.pbm,,mild,mild,mild,mild,mild,mild,mild,mild,mild,mild,mild,mild,mild,mild,mild,mild,mild,mild,mild,mild,mild,severe,mild,mild,mild,mild,mild,mild,mild,moderate,mild,mild,mild,mild,mild,mild,mild
KY936876.1.pbm,,mild,mild,mild,mild,mild,mild,mild,mild,mild,mild,mild,mild,mild,mild,mild,mild,mild,mild,mild,mild,mild,severe,mild,mild,mild,mild,mild,mild,mild,mild,mild,mild,mild,mild,mild,mild,mild
KY936877.1.pbm,,mild,mild,mild,mild,mild,mild,mild,mild,mild,mild,mild,mild,mild,mild,mild,mild,mild,mild,mild,mild,mild,severe,mild,mild,mild,mild,mild,mild,mild,mild,mild,mild,mild,mild,mild,mild,mild
KY936878.1.pbm,,severe,severe,severe,severe,severe,severe,severe,severe,severe,mild,severe,severe,severe,severe,severe,severe,severe,severe,severe,severe,mild,severe,mild,severe,severe,severe,severe,severe,severe,severe,severe,severe,severe,severe,severe,severe,mild
KY936879.1.pbm,,moderate,mild,mild,mild,mild,mild,mild,mild,mild,mild,severe,mild,mild,mild,mild,mild,mild,mild,mild,mild,mild,severe,mild,mild,mild,mild,mild,mild,mild,moderate,mild,mild,mild,mild,mild,mild,mild
KY936880.1.pbm,severe,mild,mild,mild,mild,mild,severe,mild,severe,severe,mild,severe,mild,mild,mild,severe,mild,mild,mild,severe,severe,mild,severe,mild,mild,mild,mild,mild,mild,mild,mild,mild,severe,mild,mild,severe,mild,mild
KY936882.1.pbm,severe,mild,mild,mild,mild,mild,mild,mild,mild,severe,mild,mild,mild,mild,mild,mild,mild,mild,mild,mild,severe,mild,severe,mild,mild,mild,mild,mild,mild,mild,mild,mild,mild,mild,mild,mild,mild,mild
KY936883.1.pbm,severe,moderate,moderate,moderate,mild,moderate,moderate,moderate,moderate,severe,mild,severe,moderate,mild,moderate,moderate,moderate,moderate,moderate,moderate,severe,mild,severe,mild,severe,mild,moderate,moderate,mild,mild,moderate,severe,moderate,moderate,severe,moderate,moderate,mild
KY936884.1.pbm,mild,severe,severe,severe,severe,severe,severe,severe,severe,severe,mild,severe,severe,severe,moderate,severe,severe,severe,severe,severe,severe,severe,severe,moderate,severe,severe,severe,severe,severe,severe,severe,severe,severe,severe,severe,severe,severe,mild
KY936885.1.pbm,,mild,mild,mild,mild,mild,mild,mild,mild,mild,mild,mild,mild,mild,mild,mild,mild,mild,mild,mild,mild,mild,severe,mild,mild,mild,mild,mild,mild,mild,mild,mild,mild,mild,mild,moderate,mild,mild
LC388855.1.pbm,,mild,mild,mild,severe,mild,mild,mild,mild,mild,mild,mild,mild,mild,mild,mild,mild,mild,mild,mild,moderate,mild,severe,mild,severe,mild,mild,mild,mild,mild,moderate,mild,severe,mild,mild,mild,mild,mild
LC388856.1.pbm,moderate,mild,mild,severe,severe,mild,mild,mild,mild,mild,mild,severe,mild,severe,mild,severe,mild,mild,mild,mild,mild,mild,severe,mild,mild,mild,mild,mild,mild,mild,moderate,mild,mild,severe,mild,mild,mild,mild
LC388857.1.pbm,,mild,mild,mild,mild,mild,mild,severe,mild,mild,mild,mild,mild,moderate,mild,mild,mild,mild,mild,mild,mild,mild,severe,mild,mild,mild,mild,mild,mild,mild,moderate,mild,mild,mild,mild,mild,mild,mild
LC388858.1.pbm,,mild,mild,mild,mild,mild,mild,mild,mild,mild,mild,mild,mild,mild,mild,mild,mild,mild,mild,mild,mild,mild,severe,mild,mild,mild,mild,mild,mild,mild,mild,mild,mild,mild,mild,mild,mild,mild
LC388859.1.pbm,,mild,mild,mild,mild,mild,mild,mild,mild,mild,mild,mild,mild,mild,mild,mild,mild,mild,mild,mild,mild,mild,severe,mild,mild,mild,mild,mild,mild,mild,mild,mild,mild,mild,mild,mild,mild,mild
LC388860.1.pbm,,mild,mild,mild,mild,mild,mild,mild,mild,mild,mild,mild,mild,mild,mild,mild,mild,mild,mild,mild,mild,mild,severe,mild,mild,mild,mild,mild,mild,mild,mild,mild,mild,mild,mild,mild,mild,mild
LC388861.1.pbm,,mild,mild,mild,mild,mild,mild,mild,mild,mild,mild,mild,mild,mild,mild,mild,mild,mild,mild,mild,mild,mild,severe,mild,mild,mild,mild,mild,mild,mild,mild,mild,mild,mild,mild,mild,mild,mild
LC388862.1.pbm,,mild,mild,mild,mild,mild,mild,mild,mild,mild,mild,mild,mild,mild,mild,mild,mild,mild,mild,mild,mild,mild,severe,mild,mild,mild,mild,mild,mild,mild,mild,mild,mild,mild,mild,mild,mild,mild
M36163.1.pbm,,severe,severe,moderate,severe,moderate,severe,severe,severe,moderate,severe,severe,severe,severe,moderate,moderate,severe,severe,moderate,mild,severe,severe,severe,moderate,mild,severe,severe,severe,severe,mild,moderate,moderate,moderate,severe,severe,severe,severe,mild
M38345.1.pbm,,severe,severe,severe,severe,severe,severe,severe,severe,severe,severe,severe,severe,severe,severe,severe,severe,severe,severe,severe,mild,severe,severe,mild,severe,mild,severe,severe,severe,severe,severe,severe,severe,severe,severe,severe,severe,severe
M93685.1.pbm,,severe,mild,mild,severe,mild,severe,severe,mild,mild,severe,severe,severe,mild,mild,mild,mild,mild,mild,severe,mild,severe,severe,mild,mild,mild,mild,severe,mild,mild,severe,severe,severe,severe,mild,severe,mild,mild
MF140246.1.pbm,,severe,severe,severe,severe,moderate,severe,severe,severe,mild,mild,severe,severe,severe,severe,moderate,moderate,severe,severe,severe,mild,mild,severe,mild,severe,mild,severe,severe,moderate,mild,severe,moderate,severe,severe,severe,severe,severe,severe
MF140247.1.pbm,mild,severe,severe,severe,severe,moderate,severe,severe,severe,moderate,mild,severe,severe,moderate,severe,moderate,moderate,severe,severe,severe,moderate,mild,severe,moderate,severe,moderate,moderate,moderate,moderate,moderate,moderate,moderate,moderate,moderate,moderate,moderate,severe,severe
MF140248.1.pbm,,severe,severe,severe,severe,severe,severe,severe,severe,severe,severe,severe,severe,severe,severe,severe,severe,severe,severe,severe,severe,mild,severe,severe,severe,severe,severe,severe,severe,severe,severe,severe,severe,severe,severe,severe,severe,severe
MF140249.1.pbm,,severe,mild,severe,severe,severe,severe,severe,severe,severe,mild,severe,severe,mild,mild,severe,severe,mild,severe,severe,severe,mild,severe,severe,mild,severe,severe,severe,severe,mild,severe,severe,severe,severe,mild,severe,severe,mild
MF140250.1.pbm,severe,severe,severe,severe,severe,severe,severe,severe,severe,severe,severe,severe,severe,severe,severe,severe,severe,severe,severe,severe,severe,severe,severe,severe,severe,severe,severe,severe,severe,severe,severe,severe,severe,severe,severe,severe,severe,severe
MF140251.1.pbm,moderate,severe,severe,severe,severe,severe,severe,severe,severe,severe,mild,severe,severe,severe,severe,severe,severe,severe,severe,severe,severe,mild,severe,moderate,severe,mild,severe,severe,moderate,severe,moderate,severe,severe,severe,moderate,severe,severe,severe
MF140252.1.pbm,severe,severe,severe,severe,severe,moderate,severe,severe,severe,severe,mild,severe,severe,severe,severe,severe,moderate,severe,severe,severe,moderate,mild,severe,severe,severe,severe,severe,severe,severe,severe,moderate,severe,severe,severe,severe,moderate,severe,severe
MF140253.1.pbm,,severe,severe,severe,severe,severe,severe,severe,severe,severe,severe,severe,severe,severe,severe,severe,moderate,severe,severe,severe,severe,severe,severe,severe,severe,severe,severe,severe,severe,severe,severe,severe,severe,severe,severe,severe,severe,severe
MF140254.1.pbm,severe,severe,severe,severe,severe,moderate,severe,moderate,severe,mild,mild,moderate,moderate,moderate,moderate,severe,moderate,moderate,severe,moderate,moderate,mild,severe,moderate,severe,mild,severe,severe,moderate,moderate,moderate,moderate,severe,severe,moderate,moderate,severe,mild
MG450358.1.pbm,,mild,mild,mild,mild,mild,mild,mild,mild,mild,mild,mild,mild,mild,mild,mild,mild,mild,mild,mild,mild,mild,severe,mild,mild,mild,mild,mild,mild,mild,mild,mild,mild,mild,mild,mild,mild,mild
MK303579.1.pbm,severe,severe,moderate,severe,severe,severe,severe,severe,severe,severe,severe,severe,severe,severe,severe,severe,severe,severe,severe,severe,severe,severe,moderate,severe,severe,severe,severe,moderate,severe,severe,moderate,severe,moderate,severe,severe,moderate,severe,severe
X76845.1.pbm,,severe,severe,severe,severe,severe,severe,severe,severe,severe,severe,severe,severe,severe,severe,severe,severe,severe,severe,severe,severe,mild,severe,severe,severe,severe,severe,severe,severe,severe,severe,severe,severe,severe,severe,severe,severe,severe
X76847.1.pbm,,mild,mild,mild,mild,mild,mild,mild,mild,mild,mild,mild,mild,mild,mild,mild,mild,mild,mild,mild,mild,mild,severe,mild,mild,mild,mild,mild,mild,mild,mild,mild,mild,mild,mild,mild,mild,mild
Y08852.1.pbm,,severe,severe,severe,severe,severe,severe,severe,severe,severe,severe,severe,severe,severe,severe,severe,severe,severe,severe,severe,severe,severe,severe,severe,severe,severe,severe,severe,severe,severe,severe,severe,severe,severe,severe,severe,severe,severe
Y09381.1.pbm,severe,severe,severe,severe,severe,severe,severe,severe,severe,severe,severe,severe,severe,severe,severe,severe,severe,severe,severe,severe,severe,mild,severe,severe,severe,severe,severe,severe,severe,severe,severe,severe,severe,severe,severe,severe,severe,severe
Y09382.1.pbm,mild,severe,severe,severe,severe,severe,severe,severe,severe,severe,severe,severe,severe,severe,severe,severe,severe,severe,severe,severe,severe,severe,severe,severe,severe,severe,severe,severe,severe,severe,severe,severe,severe,severe,severe,severe,severe,severe
